User_Feedback,Sentiment,FileName
way plug u unless go converter,0,amazon_cells_labelled
good case excellent value,1,amazon_cells_labelled
great jawbone,1,amazon_cells_labelled
tied charger conversation lasting minutesmajor problem,0,amazon_cells_labelled
mic great,1,amazon_cells_labelled
jiggle plug get line right get decent volume,0,amazon_cells_labelled
several dozen several hundred contact imagine fun sending one one,0,amazon_cells_labelled
razr owneryou must,1,amazon_cells_labelled
needle say wasted money,0,amazon_cells_labelled
waste money time,0,amazon_cells_labelled
sound quality great,1,amazon_cells_labelled
impressed going original battery extended battery,1,amazon_cells_labelled
two seperated mere ft started notice excessive static garbled sound headset,0,amazon_cells_labelled
good quality though,1,amazon_cells_labelled
design odd ear clip comfortable,0,amazon_cells_labelled
highly recommend one blue tooth phone,1,amazon_cells_labelled
advise everyone fooled,0,amazon_cells_labelled
far good,1,amazon_cells_labelled
work great,1,amazon_cells_labelled
click place way make wonder long mechanism would last,0,amazon_cells_labelled
went motorolas website followed direction could get pair,0,amazon_cells_labelled
bought use kindle fire absolutely loved,1,amazon_cells_labelled
commercial misleading,0,amazon_cells_labelled
yet run new battery two bar thats three day without charging,1,amazon_cells_labelled
bought mother problem battery,0,amazon_cells_labelled
great pocket pc phone combination,1,amazon_cells_labelled
ive owned phone month say best mobile phone ive,1,amazon_cells_labelled
didnt think instruction provided helpful,0,amazon_cells_labelled
people couldnt hear talk pull earphone talk phone,0,amazon_cells_labelled
doesnt hold charge,0,amazon_cells_labelled
simple little phone use breakage unacceptible,0,amazon_cells_labelled
product ideal people like whose ear sensitive,1,amazon_cells_labelled
unusable moving car freeway speed,0,amazon_cells_labelled
two year left contract hate phone,0,amazon_cells_labelled
car charger well ac charger included make sure never run juicehighy recommended,1,amazon_cells_labelled
need least min get phone book time first turn phonebattery life short,0,amazon_cells_labelled
kept well,1,amazon_cells_labelled
poor talk time performance,0,amazon_cells_labelled
case great work fine,1,amazon_cells_labelled
worthless product,0,amazon_cells_labelled
great camera thats mp pic nice clear great picture quality,1,amazon_cells_labelled
impressed product,0,amazon_cells_labelled
nice headset priced right,1,amazon_cells_labelled
hear garbage audio,0,amazon_cells_labelled
excellent bluetooth headset,1,amazon_cells_labelled
feature want,1,amazon_cells_labelled
right mind gonna buy battery,0,amazon_cells_labelled
arguing verizon regarding dropped call returned phone two day,0,amazon_cells_labelled
case seems well made,1,amazon_cells_labelled
disappointed battery,0,amazon_cells_labelled
loud enough doesnt turn like,0,amazon_cells_labelled
good protection make phone bulky,1,amazon_cells_labelled
usable keyboard actually turn pda realworld useful machine instead neat gadget,1,amazon_cells_labelled
phone pretty sturdy ive never large problem,1,amazon_cells_labelled
love thing,1,amazon_cells_labelled
everything fine reasonable price ie,1,amazon_cells_labelled
disappointed,0,amazon_cells_labelled
even dropped phone stream submerged second still work great,1,amazon_cells_labelled
happy complaint one regarding sound quality end,1,amazon_cells_labelled
button bad,0,amazon_cells_labelled
essentially forget microsofts tech support,0,amazon_cells_labelled
really recommend faceplate since look nice elegant cool,1,amazon_cells_labelled
headphone great find think perhaps best purchase ive made last several year seriously,1,amazon_cells_labelled
buy different phone,0,amazon_cells_labelled
hold phone particular angle party hear clearly,0,amazon_cells_labelled
one big drawback mp player button phone front cover let pause skip song lock second,0,amazon_cells_labelled
week later activated suddenly died,0,amazon_cells_labelled
feel comfortable headset wear glass get way sometimes,1,amazon_cells_labelled
great ipod,1,amazon_cells_labelled
device great several situation,1,amazon_cells_labelled
mic doesnt work,0,amazon_cells_labelled
even bmw series fairly quiet trouble hearing person saying,0,amazon_cells_labelled
great choice,1,amazon_cells_labelled
nice docking station home work,1,amazon_cells_labelled
beautiful phone,1,amazon_cells_labelled
love product,1,amazon_cells_labelled
buy wrongly advertised,0,amazon_cells_labelled
great little item,1,amazon_cells_labelled
love phone handy lot feature,1,amazon_cells_labelled
purchased within day longer working,0,amazon_cells_labelled
wear everyday hold well,1,amazon_cells_labelled
good bargain,0,amazon_cells_labelled
well packaged arrived time work intended,1,amazon_cells_labelled
battery run quickly,0,amazon_cells_labelled
item worked great broke month use,0,amazon_cells_labelled
headset easy use everyone love,1,amazon_cells_labelled
phone work great,1,amazon_cells_labelled
construction headset poor,0,amazon_cells_labelled
product excellent work better verizon one boy cheaper,1,amazon_cells_labelled
phone load super,1,amazon_cells_labelled
product cost much one expect work far better greater ease thing,0,amazon_cells_labelled
made sturdy,1,amazon_cells_labelled
worked great,1,amazon_cells_labelled
ear bud play music one ear,0,amazon_cells_labelled
dont waste money,0,amazon_cells_labelled
order,1,amazon_cells_labelled
plan use car forget,0,amazon_cells_labelled
found product waaay big,0,amazon_cells_labelled
best ive found far ive tried bluetooths one best quality listener well ease using,1,amazon_cells_labelled
im disappointed decision,0,amazon_cells_labelled
integrated seamlessly motorola razr phone,1,amazon_cells_labelled
buyer beware could flush money right toilet,0,amazon_cells_labelled
definitely bargain,1,amazon_cells_labelled
price good free shipping good purchase,1,amazon_cells_labelled
received supposedly new motorola apparently match phone charger,0,amazon_cells_labelled
prosgood camera nice picture also cool style like black white,1,amazon_cells_labelled
thats huge design flaw unless im using correctly dont think case,0,amazon_cells_labelled
love headset jabra bluetooth headset great reception good ear piece comfortable fit,1,amazon_cells_labelled
camera although rated impressive megapixels render image fall well expectation relatively high resolution,0,amazon_cells_labelled
purcashed car charger work,0,amazon_cells_labelled
sound quality end excellent use headset call wife ask wife use headset call,1,amazon_cells_labelled
phone slim light display beautiful,1,amazon_cells_labelled
little geeky think thats sex toast rock ooze sex right battery embedded sleek stylish leather case,1,amazon_cells_labelled
great product fast shipping,1,amazon_cells_labelled
absolutely great,1,amazon_cells_labelled
keyboard nice compromise full qwerty basic cell phone number keypad,1,amazon_cells_labelled
got phone around end may im completely unhappy,0,amazon_cells_labelled
comfortable ear,1,amazon_cells_labelled
winner u,1,amazon_cells_labelled
setup couldnt simpler,1,amazon_cells_labelled
ive tried several different earpiece cell phone jabra one first one ive found fit ear comfortably,1,amazon_cells_labelled
could get strong enough signal,0,amazon_cells_labelled
iam pleased purchase,1,amazon_cells_labelled
bad quality,0,amazon_cells_labelled
get job done,1,amazon_cells_labelled
great audio,1,amazon_cells_labelled
basically service bad,0,amazon_cells_labelled
work cell phone plug set charger,0,amazon_cells_labelled
ive bluetooth week really like,1,amazon_cells_labelled
bt headset disapoinment,0,amazon_cells_labelled
small dont even realize getting used,1,amazon_cells_labelled
accompanied software almost brilliant,1,amazon_cells_labelled
headset work great packaged nicely avoid damage,1,amazon_cells_labelled
definitly recommend,1,amazon_cells_labelled
buyerbe careful,0,amazon_cells_labelled
majority logitech earbud headset failed,0,amazon_cells_labelled
good stuff price,1,amazon_cells_labelled
headset work peachykeen,1,amazon_cells_labelled
house getting dropped coverage upstairs coverage basement,0,amazon_cells_labelled
voice recognition tremendous,1,amazon_cells_labelled
waste,0,amazon_cells_labelled
several different minute call experienced drop area bar,0,amazon_cells_labelled
happy item,0,amazon_cells_labelled
disappointed,0,amazon_cells_labelled
phone take forever charge like hour literally,0,amazon_cells_labelled
got phone reccomendation relative im glad,1,amazon_cells_labelled
waste time,0,amazon_cells_labelled
reception poor,0,amazon_cells_labelled
item stated included description included,0,amazon_cells_labelled
month screen went black sudden,0,amazon_cells_labelled
hoping,0,amazon_cells_labelled
audio quality poor poor,0,amazon_cells_labelled
absolutely problem headset linking blackberry curve,1,amazon_cells_labelled
know sound funny seemed like sketchy technology wouldnt work wellwell one work great,1,amazon_cells_labelled
ive bought wired headphone sound better,0,amazon_cells_labelled
phone fast sending kind message web browsing significantly faster previous phone used,1,amazon_cells_labelled
nice quality build unlike cheap,1,amazon_cells_labelled
item fantastic work perfectly,1,amazon_cells_labelled
love color,1,amazon_cells_labelled
w superb,1,amazon_cells_labelled
whine internet goesthe use thing le like,0,amazon_cells_labelled
great charger,1,amazon_cells_labelled
essentially communication tool communicate,0,amazon_cells_labelled
work like charm work one got phone,1,amazon_cells_labelled
still maintain monkey shouldnt make headphone obviously dont share enough dna copy design human,0,amazon_cells_labelled
great value,1,amazon_cells_labelled
doesnt work bougth l c working,0,amazon_cells_labelled
look sharp screen nice clear great graphic,1,amazon_cells_labelled
doesnt last long,0,amazon_cells_labelled
one thing hate mode set button side,0,amazon_cells_labelled
excellent service,1,amazon_cells_labelled
thank wasting money,0,amazon_cells_labelled
bethe audio quality poor,0,amazon_cells_labelled
igo charger tip really great,1,amazon_cells_labelled
file browser offer option one needshandsfree great,1,amazon_cells_labelled
superb phone great network,1,amazon_cells_labelled
connected wife bluetoothmotorola h phone worked like charm whether phone pocket case,1,amazon_cells_labelled
put latest o v g like slow crawl lock every,0,amazon_cells_labelled
recognizes phone storage device,0,amazon_cells_labelled
like loud buzzing override conversation phone,0,amazon_cells_labelled
dont buy product,0,amazon_cells_labelled
ive bluetoooth headset time still comfortable way fit ear,0,amazon_cells_labelled
sound quality good functionality awesome,1,amazon_cells_labelled
phone thorn side really abhor,0,amazon_cells_labelled
recently problem could stay connected minute disconnected,0,amazon_cells_labelled
incredible,1,amazon_cells_labelled
design flaw,0,amazon_cells_labelled
great phone,1,amazon_cells_labelled
waste buck,0,amazon_cells_labelled
check voice mail night keypad backlight turn second first message im lost,0,amazon_cells_labelled
replacement died week,0,amazon_cells_labelled
ring toneoverall good phone buy,1,amazon_cells_labelled
lately extremely nice helpful phone,1,amazon_cells_labelled
problem wit hit dropping signal,0,amazon_cells_labelled
impressed,0,amazon_cells_labelled
light weight hardly notice,1,amazon_cells_labelled
youll love thin,1,amazon_cells_labelled
bad choice,0,amazon_cells_labelled
pleather case doesnt fit,0,amazon_cells_labelled
useless phone simply deaf,0,amazon_cells_labelled
color even prettier thought would graphic incredibly sharp,1,amazon_cells_labelled
think good investment,1,amazon_cells_labelled
make strange ticking noise end call,0,amazon_cells_labelled
best electronics available fm transmitter,1,amazon_cells_labelled
battery last hour,0,amazon_cells_labelled
great headset impressed h,1,amazon_cells_labelled
mega pixel camera part phone reasonably good,1,amazon_cells_labelled
ive nearly year worked great,1,amazon_cells_labelled
good transmit audio,1,amazon_cells_labelled
sending back,0,amazon_cells_labelled
bother contacting company dollar product learned lesson bought form online anyway,0,amazon_cells_labelled
hate earbugs avoid phone mean,0,amazon_cells_labelled
great price also,1,amazon_cells_labelled
range decent ive able roam around house phone living room receptionsound quality issue,1,amazon_cells_labelled
fast service,1,amazon_cells_labelled
would highly recommend,1,amazon_cells_labelled
would recommend,1,amazon_cells_labelled
also didnt like button felt like would crack use,0,amazon_cells_labelled
worst phone ever,0,amazon_cells_labelled
im still infatuated phone,1,amazon_cells_labelled
freeze frequently,0,amazon_cells_labelled
kind embarrassing use look mostly embarrassing childlike company,0,amazon_cells_labelled
simple lightweight great fit,1,amazon_cells_labelled
id expected better consumer experience motorola,0,amazon_cells_labelled
there horrible tick sound background call never experienced,0,amazon_cells_labelled
certainly comfortable functionality decent,1,amazon_cells_labelled
usually dont like headband one lightweight doesnt mess hair,1,amazon_cells_labelled
im bit disappointed,0,amazon_cells_labelled
phone year tell great,0,amazon_cells_labelled
ordered sony ericsson w think worked thats first used,0,amazon_cells_labelled
battery completely useless,0,amazon_cells_labelled
big waste time,0,amazon_cells_labelled
dont waste one,0,amazon_cells_labelled
great sound service,1,amazon_cells_labelled
really pleased product far,1,amazon_cells_labelled
one favorite purchase ever,1,amazon_cells_labelled
best bluetooth market,1,amazon_cells_labelled
authentic leather nice shine comfort recommend case,1,amazon_cells_labelled
excited get headset thought really cute,1,amazon_cells_labelled
make mistake,0,amazon_cells_labelled
big disappointment calendar sync,0,amazon_cells_labelled
phone unusable new,0,amazon_cells_labelled
worst customer service ever,0,amazon_cells_labelled
additional ear gel provided instruction whatsoever,0,amazon_cells_labelled
defeat purpose bluetooth headset,0,amazon_cells_labelled
worth every penny,1,amazon_cells_labelled
excellent wallet type phone case,1,amazon_cells_labelled
nice headphone price work great,1,amazon_cells_labelled
internet excrutiatingly slow,0,amazon_cells_labelled
comfortable wear well probably important aspect using case,1,amazon_cells_labelled
fit like glove strong secure durable,1,amazon_cells_labelled
gosh best phone ever,1,amazon_cells_labelled
attractive appears good quality,1,amazon_cells_labelled
love feature form factor,1,amazon_cells_labelled
product strong rubberpetroleum smell unbearable caused return,0,amazon_cells_labelled
poor quality service,0,amazon_cells_labelled
cable look thin flimsy scary,0,amazon_cells_labelled
great earpiece,1,amazon_cells_labelled
excellent hand free tool,1,amazon_cells_labelled
great using home stereo,1,amazon_cells_labelled
good product incredible value,1,amazon_cells_labelled
month worked flawlessly far,1,amazon_cells_labelled
work great,1,amazon_cells_labelled
absolutel junk,0,amazon_cells_labelled
one didnt work either,0,amazon_cells_labelled
battery life real good,1,amazon_cells_labelled
returned hour later,0,amazon_cells_labelled
great item,1,amazon_cells_labelled
dont waste money,0,amazon_cells_labelled
love headset,1,amazon_cells_labelled
drain player may also potentially fry,0,amazon_cells_labelled
worked perfectly,1,amazon_cells_labelled
unreliable im giving,0,amazon_cells_labelled
gave star sound quality,1,amazon_cells_labelled
avoid one,0,amazon_cells_labelled
reversible plug work great,1,amazon_cells_labelled
wasted little money earpiece,0,amazon_cells_labelled
good phone,1,amazon_cells_labelled
best rotating feature helpful,1,amazon_cells_labelled
comfort whole family,1,amazon_cells_labelled
good product good seller,1,amazon_cells_labelled
love bluetooth,1,amazon_cells_labelled
first doesnt wear well,0,amazon_cells_labelled
impressed headset plantronics,1,amazon_cells_labelled
got small adorable,1,amazon_cells_labelled
great phone,1,amazon_cells_labelled
wouldnt recommend buying product,0,amazon_cells_labelled
piece junk,0,amazon_cells_labelled
poorly contstruct hinge,0,amazon_cells_labelled
item great installed let charged overnite working good every since problem,1,amazon_cells_labelled
great phone,1,amazon_cells_labelled
dont buy,0,amazon_cells_labelled
excellent phone,1,amazon_cells_labelled
purchase phone,0,amazon_cells_labelled
voice recognition thru handset excellent,1,amazon_cells_labelled
hand best phone ive ever,1,amazon_cells_labelled
work great cat attacked phone scratched protective strip instead destroying screen,1,amazon_cells_labelled
one work priced right,1,amazon_cells_labelled
customer service terrible,0,amazon_cells_labelled
battery life still long enough motorola razor v,0,amazon_cells_labelled
sending back,0,amazon_cells_labelled
know made wise decision,1,amazon_cells_labelled
someone shouldve invented sooner,1,amazon_cells_labelled
good price,1,amazon_cells_labelled
everything worked first trythe device certainly engineered clever way construction feel good,1,amazon_cells_labelled
received quickly work great,1,amazon_cells_labelled
working great,1,amazon_cells_labelled
many people complained found headset microphone weak,0,amazon_cells_labelled
year old nokia tracfone hold charge lot better,0,amazon_cells_labelled
care consumer one bit,0,amazon_cells_labelled
good battery got really fast,1,amazon_cells_labelled
instruction manual lacking,0,amazon_cells_labelled
also slim enough fit alarm clock docking station without removing case,1,amazon_cells_labelled
phone hold charge like new,1,amazon_cells_labelled
battery unreliable well service use antena,0,amazon_cells_labelled
uncomfortable sound quality quite poor compared phone razr previous wired headset plugged lg,0,amazon_cells_labelled
gotten lot compliment,1,amazon_cells_labelled
definitely must state allow cell phone usage driving,1,amazon_cells_labelled
want money back,0,amazon_cells_labelled
love device,1,amazon_cells_labelled
also happy price,1,amazon_cells_labelled
ordered product first unhappy immediately,0,amazon_cells_labelled
ngage still lacking earbuds,0,amazon_cells_labelled
able voice dialing car problem,1,amazon_cells_labelled
bar cell phone home cant hear anything,0,amazon_cells_labelled
good item low price,1,amazon_cells_labelled
howeverthe riingtones best neither game,0,amazon_cells_labelled
plug work well,0,amazon_cells_labelled
amazon suck,0,amazon_cells_labelled
rip charge shipping,0,amazon_cells_labelled
comfortable,1,amazon_cells_labelled
battery working well replacement original came phone year ago,1,amazon_cells_labelled
reception excellent,1,amazon_cells_labelled
fit comfortably either ear sound clear loud charge last couple day,1,amazon_cells_labelled
clear quality sound dont mess sound ipod since sound button headset,1,amazon_cells_labelled
long lasting battery dont recharge frequentyly flip phone,0,amazon_cells_labelled
obviously problem adhesive,0,amazon_cells_labelled
disappointing,0,amazon_cells_labelled
inexpensive piece would still expected better quality,0,amazon_cells_labelled
practically useless add kind boost reception bought,0,amazon_cells_labelled
excellent sound quality,1,amazon_cells_labelled
happy,0,amazon_cells_labelled
piece junk broke phone day,0,amazon_cells_labelled
new battery work great phone,1,amazon_cells_labelled
worst customer service,0,amazon_cells_labelled
ive dropped phone time say even concrete phone still great knock wood,1,amazon_cells_labelled
reception terrible full static,0,amazon_cells_labelled
good audio quality,1,amazon_cells_labelled
little device transformed organizational capability made life whole lot easier,1,amazon_cells_labelled
sitting vehicle cradle belt headset lost signal,0,amazon_cells_labelled
jerk phone,0,amazon_cells_labelled
work like charm work advertised,1,amazon_cells_labelled
comfortable nice range good battery life,1,amazon_cells_labelled
network coverage los angeles horrible,0,amazon_cells_labelled
excellent starter wireless headset,0,amazon_cells_labelled
loudspeaker option great bumper light appealing,0,amazon_cells_labelled
thing think could improve sound leak headset,0,amazon_cells_labelled
first reception suck never bar ever,0,amazon_cells_labelled
phone get extremely hot,0,amazon_cells_labelled
microphone also work well according people called applifies everything,1,amazon_cells_labelled
nice design quality,1,amazon_cells_labelled
also phone dropped case going save specially dropped face,0,amazon_cells_labelled
light easy use clear reception transmission,1,amazon_cells_labelled
bad fit way big,0,amazon_cells_labelled
definitely good,1,amazon_cells_labelled
awesome device,1,amazon_cells_labelled
waste money,0,amazon_cells_labelled
ordered motorola data cable got well finished working product,1,amazon_cells_labelled
love phone,1,amazon_cells_labelled
looking headset long time ive got couldnt happier,1,amazon_cells_labelled
ill drivng along headset start ringing reason,0,amazon_cells_labelled
display excellent camera good year,1,amazon_cells_labelled
battery life also great,1,amazon_cells_labelled
worst phone ive ever month,0,amazon_cells_labelled
good item worked started problem auto reverse tape player,0,amazon_cells_labelled
embarassing also ear hurt try push ear plug ear,0,amazon_cells_labelled
protects phone side,1,amazon_cells_labelled
average phone bad battery life operates weak network,0,amazon_cells_labelled
clear skype call long battery life long range,1,amazon_cells_labelled
soyo technology suck,0,amazon_cells_labelled
great hand free device,1,amazon_cells_labelled
even take self portrait outside exterior display cool,1,amazon_cells_labelled
problem others mentioned,0,amazon_cells_labelled
trying many many handsfree gadget one finally work well,1,amazon_cells_labelled
magical help,1,amazon_cells_labelled
worst piece crap ever along verizon customer service,0,amazon_cells_labelled
poor sound quality,0,amazon_cells_labelled
best phone market,1,amazon_cells_labelled
worked well,1,amazon_cells_labelled
company shipped product promptly work well,1,amazon_cells_labelled
exactly wanted,1,amazon_cells_labelled
picture resolution far comparablypriced phone offering today,0,amazon_cells_labelled
great deal,1,amazon_cells_labelled
excellent product satisfied purchase,1,amazon_cells_labelled
highly recommend encourage people give try,1,amazon_cells_labelled
better youd expect,1,amazon_cells_labelled
using earpiece left right thing stay ear,0,amazon_cells_labelled
great product price,1,amazon_cells_labelled
sound good reasonably priced effective simple,1,amazon_cells_labelled
still waiting im sure item would work well ever recieve,0,amazon_cells_labelled
disappointment,0,amazon_cells_labelled
prompt service,1,amazon_cells_labelled
excellent product price,1,amazon_cells_labelled
pleased headset,1,amazon_cells_labelled
dont waste money time,0,amazon_cells_labelled
especially love long battery life,1,amazon_cells_labelled
stupid keep buying new charger car charger cradle headphone car kit every time new phone come,0,amazon_cells_labelled
work great,1,amazon_cells_labelled
plantronics bluetooth excelent buy,1,amazon_cells_labelled
came verizon cingulair nicer cell phone first thing noticed really bad service,0,amazon_cells_labelled
ill looking new earpiece,0,amazon_cells_labelled
highly recommend device everyone,1,amazon_cells_labelled
jawbone era awesome,1,amazon_cells_labelled
received white colored battery go dead couple hoursthe original used last week still last longer thereplacement,0,amazon_cells_labelled
year battery went completely dead headset,0,amazon_cells_labelled
used several phone two year one best,1,amazon_cells_labelled
awesome new look fall,1,amazon_cells_labelled
first phone ive cheaply made,0,amazon_cells_labelled
att clear sound distorted yell talk,0,amazon_cells_labelled
plastic break really easy clip,0,amazon_cells_labelled
price good,1,amazon_cells_labelled
dont make mistake,0,amazon_cells_labelled
oh forgot also mention weird color effect phone,0,amazon_cells_labelled
im using iriver spinn case fit fine,1,amazon_cells_labelled
also area unit broke im fond magnetic strap,0,amazon_cells_labelled
overall psyched phone appointment contact get great reception,1,amazon_cells_labelled
every thing phone work perfectly like,1,amazon_cells_labelled
another note phone appearance really look rather bland especially black model,0,amazon_cells_labelled
really easy,1,amazon_cells_labelled
sanyo survived dozen drop blacktop without ill effect,1,amazon_cells_labelled
fantastic earphone,1,amazon_cells_labelled
find cell phone right away enter car,1,amazon_cells_labelled
low quality,0,amazon_cells_labelled
highly recommend modest priced cellular phone,1,amazon_cells_labelled
get better reception clarity phone ive,1,amazon_cells_labelled
warning stay away,0,amazon_cells_labelled
wish could return unit get back money,0,amazon_cells_labelled
awsome device work great,1,amazon_cells_labelled
used talk hour battery would literally drained dying,0,amazon_cells_labelled
dont find bad unit come one earpad onlyi would recommend anyone,0,amazon_cells_labelled
displeased,0,amazon_cells_labelled
might gotten defect would risk buying built quality alone,0,amazon_cells_labelled
made case small difficult install,0,amazon_cells_labelled
restored phone like new performance,1,amazon_cells_labelled
would recommend purchasing jabra jx series work flawlessly moto q go figure,1,amazon_cells_labelled
searched internet found one best value,1,amazon_cells_labelled
fit,0,amazon_cells_labelled
happy product,1,amazon_cells_labelled
screen size big key pad lit well enough camera quality excellent camera phone,1,amazon_cells_labelled
there really nothing bad say headset,0,amazon_cells_labelled
im glad found product amazon hard find wasnt high priced,1,amazon_cells_labelled
portable work,1,amazon_cells_labelled
colleague get great receptiona little expensive performance great,1,amazon_cells_labelled
even fully charged went bed turned blue tooth wifi noticed left morning,0,amazon_cells_labelled
ive also problem phone reading memory card always turn,0,amazon_cells_labelled
good wearing hat sunglass,0,amazon_cells_labelled
timely shipment quality product,1,amazon_cells_labelled
nice solid keyboard,1,amazon_cells_labelled
well made fit surefire gx perfectly,1,amazon_cells_labelled
horrible phone,0,amazon_cells_labelled
bt battery junk,0,amazon_cells_labelled
would recommend others,1,amazon_cells_labelled
cant get software work computer,0,amazon_cells_labelled
disappointed,0,amazon_cells_labelled
poor voice clarity,0,amazon_cells_labelled
battery work great,1,amazon_cells_labelled
buyer remorse one,0,amazon_cells_labelled
disappointed accessoryone,0,amazon_cells_labelled
find inexcusable probably returning phone perhaps changing carrier,0,amazon_cells_labelled
look great strong,1,amazon_cells_labelled
tmobile service year pretty happy,1,amazon_cells_labelled
update procedure difficult cumbersome,0,amazon_cells_labelled
disappointment hate anything go ear,0,amazon_cells_labelled
great software motorolas,1,amazon_cells_labelled
delivery time,1,amazon_cells_labelled
easy use,1,amazon_cells_labelled
uncomfortable ear dont use lg vx env,0,amazon_cells_labelled
volume switch rocketed unit destination unknown,0,amazon_cells_labelled
hold charge long time reasonably comfortable longwearing condition quality sound tremendous,1,amazon_cells_labelled
id like return,0,amazon_cells_labelled
keyboard really worthwhile usefulness sturdy enough dont expect problem,1,amazon_cells_labelled
verizons bill however difficult understand even though pricing plan simple,0,amazon_cells_labelled
charging overnight battery work great,1,amazon_cells_labelled
wont regret,1,amazon_cells_labelled
love phone,1,amazon_cells_labelled
disappointment,0,amazon_cells_labelled
user friendly,0,amazon_cells_labelled
unfortunately ability actually know receiving call rather important feature phone pitiful respect,0,amazon_cells_labelled
exchanged phone even problem,0,amazon_cells_labelled
result phone either stuck max volume mute,0,amazon_cells_labelled
pda rock,1,amazon_cells_labelled
super charged use small hybrid palmtopcameracellphone excels role,1,amazon_cells_labelled
would definitely recommend jabra bt v looking comfort clarity great price,1,amazon_cells_labelled
verizon year ago really liked service,1,amazon_cells_labelled
pretty piece junk,0,amazon_cells_labelled
plug wrong size,0,amazon_cells_labelled
work described,1,amazon_cells_labelled
save money ive item month,0,amazon_cells_labelled
bad purchase,0,amazon_cells_labelled
well im satisfied,1,amazon_cells_labelled
bose noise cancelling amazing important nyc commuter,1,amazon_cells_labelled
battery excellent bargain,1,amazon_cells_labelled
defective crap,0,amazon_cells_labelled
would given star able,0,amazon_cells_labelled
wear glass fit fine,1,amazon_cells_labelled
sound quality device unacceptableunless really quiet area almost hear nothing,0,amazon_cells_labelled
would recommend item anyone,0,amazon_cells_labelled
holster arrived match photo ad,0,amazon_cells_labelled
greatno problem,1,amazon_cells_labelled
earlier review noted plug charger nothing happens,0,amazon_cells_labelled
frog phone charm adorable eye catching,1,amazon_cells_labelled
never know pushed hard enough right number time function want,0,amazon_cells_labelled
sound clear people talk amazed quality,1,amazon_cells_labelled
got aluminum case new palm vx worked really wellit protected handheld perfectly far,1,amazon_cells_labelled
good product well made,1,amazon_cells_labelled
mobile phone tool must,1,amazon_cells_labelled
impressed job motorola sturdiness phone,1,amazon_cells_labelled
received order well within shipping timeframe everything good working order overall excited source,1,amazon_cells_labelled
phone sturdy waterproof,1,amazon_cells_labelled
impressed would recommend item anyone,0,amazon_cells_labelled
complaint standard sound volume little low even turned,0,amazon_cells_labelled
thanks amazon thing need good price,1,amazon_cells_labelled
ended sliding edge pant back pocket instead,1,amazon_cells_labelled
go store bought new nokia phone working great,1,amazon_cells_labelled
work great,1,amazon_cells_labelled
really ugly,0,amazon_cells_labelled
horrible switch time,0,amazon_cells_labelled
noise shield incrediable,1,amazon_cells_labelled
real improvement,0,amazon_cells_labelled
razr battery good buy,1,amazon_cells_labelled
keep good work amazon,1,amazon_cells_labelled
refuse refund replace,0,amazon_cells_labelled
unfortunately easy accidentally activate gentletouch button accidentally touch phone face listening,0,amazon_cells_labelled
basically threw money window nothing,0,amazon_cells_labelled
great case price,1,amazon_cells_labelled
took one drop inch kitchen counter crackedi impressed laughing,0,amazon_cells_labelled
bluetooth range good day ago left phone trunk got call carried conversation without hitch,1,amazon_cells_labelled
small sleek impressive looking practical setup ample storage place,1,amazon_cells_labelled
eargels channel sound directly ear seem increase sound volume clarity,1,amazon_cells_labelled
none new one ever quite worked properly,0,amazon_cells_labelled
glad purchased,1,amazon_cells_labelled
ive missed numerous call reason,0,amazon_cells_labelled
perhaps phone defective people cannot hear use,0,amazon_cells_labelled
dont buy product,0,amazon_cells_labelled
sucked stuff work phone,0,amazon_cells_labelled
shifting bubbling peeling even scratch nothingi couldnt happier new one droid,1,amazon_cells_labelled
worst software ever used could give zero star would,0,amazon_cells_labelled
trying make call exercise frustration,0,amazon_cells_labelled
case flimsy piece plastic front side protection whatsoever,0,amazon_cells_labelled
jabra earset happy sound quality especially outgoing better,1,amazon_cells_labelled
love camera really pretty good quality,1,amazon_cells_labelled
thank great service,1,amazon_cells_labelled
total package,1,amazon_cells_labelled
seller understanding patient would definitely buy,1,amazon_cells_labelled
give wirefly stari contact cingularatt inform practice,0,amazon_cells_labelled
aggravating,0,amazon_cells_labelled
great product price,1,amazon_cells_labelled
purchased family friend enjoy clarity ease use,1,amazon_cells_labelled
virgin wireless rock cheap little phone,1,amazon_cells_labelled
none work dont buy,0,amazon_cells_labelled
muddy low quality sound casing around wire insert poorly super glued slid,0,amazon_cells_labelled
please dont waste money,0,amazon_cells_labelled
im quite satisfied purchase,1,amazon_cells_labelled
looking good quality motorola headset keep looking isnt,0,amazon_cells_labelled
yet plantronincs continues use flawed charger design,0,amazon_cells_labelled
disapointing result,0,amazon_cells_labelled
cumbersome design,0,amazon_cells_labelled
great new packaged nice work good problem came le time expected,1,amazon_cells_labelled
great product,1,amazon_cells_labelled
piece crap,0,amazon_cells_labelled
experience terrible fourth bluetooth headset much comfortable last jabra hated,0,amazon_cells_labelled
fix problem,1,amazon_cells_labelled
worst ever,0,amazon_cells_labelled
happy,1,amazon_cells_labelled
ive trouble accessing internet downloading ringtones performing function,1,amazon_cells_labelled
barely ever hear constantly saying,0,amazon_cells_labelled
battery life highly unacceptable,0,amazon_cells_labelled
company joke,0,amazon_cells_labelled
everything description said would,1,amazon_cells_labelled
due happening every call forced stop using headset,0,amazon_cells_labelled
work great car charger especially cannot plug two adapter time,1,amazon_cells_labelled
verizon tech support walked procedure none worked ended hard reset wiping data,0,amazon_cells_labelled
voice quality signal strength dropped call,0,amazon_cells_labelled
play louder speaker size price low would think quality lacking however,1,amazon_cells_labelled
better expected,1,amazon_cells_labelled
feel poorly constructed menu difficult navigate button recessed difficult push,0,amazon_cells_labelled
battery holding well,1,amazon_cells_labelled
also difficult put onid recommend avoiding product,0,amazon_cells_labelled
used two day wasnt always easy hear,0,amazon_cells_labelled
got car charger even week charger brokeni went plug started smoking,0,amazon_cells_labelled
sprint terrible customer service,0,amazon_cells_labelled
linked phone without effort,1,amazon_cells_labelled
cool,1,amazon_cells_labelled
easy use,1,amazon_cells_labelled
better new,1,amazon_cells_labelled
possesed get junk idea,0,amazon_cells_labelled
piece trash,0,amazon_cells_labelled
pretty good product,1,amazon_cells_labelled
great phone,1,amazon_cells_labelled
price amazon excellent product would highly recommend,1,amazon_cells_labelled
research development division obviously know theyre,1,amazon_cells_labelled
real killer volume course breaking,0,amazon_cells_labelled
phone working fine,1,amazon_cells_labelled
happy product,1,amazon_cells_labelled
poor construction,0,amazon_cells_labelled
infuriating,0,amazon_cells_labelled
overall would recommend phone new walkman,1,amazon_cells_labelled
sprint charge service,0,amazon_cells_labelled
cheap feel look cheap,0,amazon_cells_labelled
fit ear well comfortable,1,amazon_cells_labelled
doesnt work europe asia,0,amazon_cells_labelled
clipping belt deffinitely make feel like cent upandcoming,1,amazon_cells_labelled
like design look jabra behing ear headset pretty comfortible wear hour day without pain ear,1,amazon_cells_labelled
amazed quick arrival two original lg cell phone battery fraction price,1,amazon_cells_labelled
worst phone samsungcrap crappy samsung e worst ever seeen,0,amazon_cells_labelled
charger worked week completely stopped charging phone,0,amazon_cells_labelled
poor product,0,amazon_cells_labelled
however needed better instruction,0,amazon_cells_labelled
need two hand operate screenthis software interface decade old cannot compete new software design,0,amazon_cells_labelled
worked well paired treo w skype headset pc using usb bluetooth transceiver,1,amazon_cells_labelled
steer clear product go genuine palm replacementr pen come threepack,0,amazon_cells_labelled
buy buyit suck,0,amazon_cells_labelled
great product sure beat using finger,1,amazon_cells_labelled
plus seriously believe worth steep price point,0,amazon_cells_labelled
case ive tried normally fall apart month one seems long haul,1,amazon_cells_labelled
dissapointing performance,0,amazon_cells_labelled
dont make mistake please dont buy phone,0,amazon_cells_labelled
phone might well worst ive ever brand,0,amazon_cells_labelled
case le extra originally put later discarded scratched ear,0,amazon_cells_labelled
recommend igo anyone different brand cell phonesmp player family,1,amazon_cells_labelled
dont bother go store,0,amazon_cells_labelled
posted detailed comment grey black phone fire red great color,1,amazon_cells_labelled
problem item would order needed,1,amazon_cells_labelled
get pay guess,0,amazon_cells_labelled
software great job could also make ringtones form existing cd without internet connection,1,amazon_cells_labelled
im surprised good quality car charger there much review,1,amazon_cells_labelled
fabulous,1,amazon_cells_labelled
however bt headset currently good real time game like firstperson shooter since audio delay mess,0,amazon_cells_labelled
used bitpim free program find internetto transfer data phonethe price cable excellent,1,amazon_cells_labelled
disappointing accessory good manufacturer,0,amazon_cells_labelled
performed awful muffled tinny incoming sound severe echo end call,0,amazon_cells_labelled
windresistant,1,amazon_cells_labelled
obviously terrible customer service get pay,0,amazon_cells_labelled
last forever overly expensive replaceeasy operate sound much better others tried,1,amazon_cells_labelled
contacted company told although unit still warranty couldnt produce receipt luck,0,amazon_cells_labelled
linksys way exchange bad phone refurb unit something,0,amazon_cells_labelled
phone sturdy nokia bar phone,1,amazon_cells_labelled
great phone,1,amazon_cells_labelled
placed treo case snug lot extra room side,0,amazon_cells_labelled
im pleased,1,amazon_cells_labelled
battery terrible,0,amazon_cells_labelled
found product easy set use,1,amazon_cells_labelled
earpiece large heavyit keep falling ear,0,amazon_cells_labelled
utter crap sound quality terrible,0,amazon_cells_labelled
charger arrived within promised timeframe work,0,amazon_cells_labelled
ear loop needed tiny sound great,1,amazon_cells_labelled
finally three four time spring latch broke could use longer visor,0,amazon_cells_labelled
handsfree part work fine car try download address book treo rebootsoverall still rate device high,1,amazon_cells_labelled
talk useless customer service,0,amazon_cells_labelled
felt light tinny,0,amazon_cells_labelled
fit palm tungsten e broke first time tried plug,0,amazon_cells_labelled
im happy purchase good quality low price,1,amazon_cells_labelled
love look feel samsung flipphones,1,amazon_cells_labelled
welldesigned sharp blue nice color,1,amazon_cells_labelled
everything,1,amazon_cells_labelled
could recommend,0,amazon_cells_labelled
nice sound,1,amazon_cells_labelled
look good picture case huge disappointment,0,amazon_cells_labelled
much le jawbone going replace,1,amazon_cells_labelled
setup went smoothly,1,amazon_cells_labelled
extremely slow take forever anything,0,amazon_cells_labelled
must study anyone interested worst sin industrial design,0,amazon_cells_labelled
first thing happened tracking,0,amazon_cells_labelled
well made easy access phone handy detachable belt clip,1,amazon_cells_labelled
continue pairing periodically since somehow kept dropping,0,amazon_cells_labelled
cant upload ringtones third party,0,amazon_cells_labelled
bluetooth work phone lock screen flash make call randomly pocket locked,0,amazon_cells_labelled
truly awful,0,amazon_cells_labelled
work fine motorola cellphone lot better wornout battery,1,amazon_cells_labelled
volume ringer real good choice loud,1,amazon_cells_labelled
none tone acceptable,0,amazon_cells_labelled
camera color balance awful,0,amazon_cells_labelled
product clearly ready prime time dont care cool look cant tell call coming worthless,0,amazon_cells_labelled
love ringtones upbeat,1,amazon_cells_labelled
chinese forgery abound,0,amazon_cells_labelled
easy pair samsung cell,1,amazon_cells_labelled
instruction didnt explain microphone jack could used,0,amazon_cells_labelled
would advise purchase item never worked well,0,amazon_cells_labelled
bad pay month service,0,amazon_cells_labelled
work well,1,amazon_cells_labelled
nokia ca usb cable work phone,0,amazon_cells_labelled
clear crisp sound,1,amazon_cells_labelled
use smallest earpiece provided stay pretty well,1,amazon_cells_labelled
biggest complaint battery drain superfast,0,amazon_cells_labelled
design might ergonomic theory could stand ear,0,amazon_cells_labelled
buy want use holster,0,amazon_cells_labelled
phone also take great picture even video clip,1,amazon_cells_labelled
doesnt make look cool,0,amazon_cells_labelled
ear occupied background distracting,1,amazon_cells_labelled
comfortable fit need headset comfortable least hour time entire day,1,amazon_cells_labelled
also phone doesnt seem accept anything except cbr mp preferably ripped window medium player,0,amazon_cells_labelled
cant beat price,1,amazon_cells_labelled
come strong light use light camera shot even flash so signal seriously,1,amazon_cells_labelled
lightweight work well,1,amazon_cells_labelled
beware,0,amazon_cells_labelled
love cable allows connect miniusb device pc,1,amazon_cells_labelled
anyone near hear part conversation,0,amazon_cells_labelled
cool case open allowing screen get scratched,1,amazon_cells_labelled
bought phone replacement startac regretted since,0,amazon_cells_labelled
appears actually outperform original battery china came v,1,amazon_cells_labelled
cant store anything phone number sim,0,amazon_cells_labelled
last le minute actually try use phonemy wife phone problem,0,amazon_cells_labelled
poor quality,0,amazon_cells_labelled
jabra ear gel r best,1,amazon_cells_labelled
worth,0,amazon_cells_labelled
phone crashed completely get replaced,0,amazon_cells_labelled
quit working id used month purchased another one best headset ive ever owned,1,amazon_cells_labelled
unfortunately recharge iphone despite connecting multiple power source imac external battery wall outlet etc,0,amazon_cells_labelled
great phone,1,amazon_cells_labelled
simply want small flip phone look elsewhere extra bell whistle mediocre,0,amazon_cells_labelled
good value work fine power via usb car wall outlet,1,amazon_cells_labelled
phone doesnt slide around car grip prevents phone slipping hand,1,amazon_cells_labelled
simply best bluetooth headset sound quality,1,amazon_cells_labelled
think plan onethis sure last moto phone,0,amazon_cells_labelled
span hour two people exclaim whoa new phone tv,1,amazon_cells_labelled
always used corded headset freedom wireless helpful,1,amazon_cells_labelled
case passed one year mark show sign wear functional,1,amazon_cells_labelled
leather nice soft fit tight cut face good shape,1,amazon_cells_labelled
everything need couldnt ask,1,amazon_cells_labelled
receiving using product day broke,0,amazon_cells_labelled
product great make working lot easier go copier waiting hold something,1,amazon_cells_labelled
none three size sent headset would stay ear,0,amazon_cells_labelled
tmobile best customer service anywhere,1,amazon_cells_labelled
arrived quickly much le expensive others sold,1,amazon_cells_labelled
tried unit failed within month pro,0,amazon_cells_labelled
provides good protection look classy,1,amazon_cells_labelled
krussel always good,1,amazon_cells_labelled
tracfonewebsite user friendly make easy toactivate etc,1,amazon_cells_labelled
design good,1,amazon_cells_labelled
great reception time,1,amazon_cells_labelled
would highly recommend product,1,amazon_cells_labelled
couldnt use unit sunglass good texas,0,amazon_cells_labelled
dit work time nokia,0,amazon_cells_labelled
bought mainly charger broke soon purchasing,0,amazon_cells_labelled
like loud buzzing override conversation phone,0,amazon_cells_labelled
fantastic buy get whatever next phone,1,amazon_cells_labelled
stay away store careful,0,amazon_cells_labelled
blueant supertooth handsfree phone speaker awesome,1,amazon_cells_labelled
fit,0,amazon_cells_labelled
item arrived quickly work great metro pc samsung schr slider phone sony premium sound ear plug,1,amazon_cells_labelled
light plenty battery capacity confortable wear somewhat extended period time,1,amazon_cells_labelled
disappointing,0,amazon_cells_labelled
blue ant easy use,1,amazon_cells_labelled
cheap hey work pleasantly suprised given low cost item,1,amazon_cells_labelled
camera phone may used dustpan indoors id rather using disposable,0,amazon_cells_labelled
day later puff smoke came phone use,0,amazon_cells_labelled
convenient simple use get job done make car ride much smoother,1,amazon_cells_labelled
nano stated itmy son dissapointed,0,amazon_cells_labelled
sound quality excellent well,1,amazon_cells_labelled
best headset used,1,amazon_cells_labelled
would reccommend,0,amazon_cells_labelled
around year carry highest quality antiglare screen protector found date,1,amazon_cells_labelled
wanted,1,amazon_cells_labelled
particular model would work motorola q smartphone,0,amazon_cells_labelled
wont work right atleast,0,amazon_cells_labelled
addition feel amp look phone lightweight cheap plastic,0,amazon_cells_labelled
warranty problem reoccurebottom line put money somewhere else cingular support,0,amazon_cells_labelled
really wanted plantronics right one many issue methe good,0,amazon_cells_labelled
great product,1,amazon_cells_labelled
crisp clear,1,amazon_cells_labelled
first charge kept going dead minute,0,amazon_cells_labelled
cheap plastic creak like old wooden floor,0,amazon_cells_labelled
get absolutely horrible reception apartment phone problem,0,amazon_cells_labelled
reception generally good,1,amazon_cells_labelled
excellent sound battery life inconspicuous boot,1,amazon_cells_labelled
great bluetooth,1,amazon_cells_labelled
highly recommend case,1,amazon_cells_labelled
worthwhile,1,amazon_cells_labelled
great deal,1,amazon_cells_labelled
phone got year old slowly breaking despite much care part,0,amazon_cells_labelled
sorry made purchase,0,amazon_cells_labelled
bought hoping could make bluetooth headset fit better thing made impossible wear,0,amazon_cells_labelled
treo tmobile refused replace forced buy another phone without kind upgrade discount,0,amazon_cells_labelled
horrible,0,amazon_cells_labelled
dont think would hold securly belt,0,amazon_cells_labelled
allows possibility double booking date time first,0,amazon_cells_labelled
work week break,0,amazon_cells_labelled
simple use like,1,amazon_cells_labelled
great tool entertainment communication data managementoh sure use activesync optimal data synchronization result,1,amazon_cells_labelled
cant use case smell disgusting,0,amazon_cells_labelled
wanted,0,amazon_cells_labelled
case would order another,1,amazon_cells_labelled
great phone,1,amazon_cells_labelled
bought battery coupon amazon im happy purchase,1,amazon_cells_labelled
internet access fine rare instance worked,0,amazon_cells_labelled
perfect p,1,amazon_cells_labelled
five star plus plus,1,amazon_cells_labelled
good quality bargain bought bought cheapy big lot sounded awful people end couldnt hear,1,amazon_cells_labelled
drain,0,amazon_cells_labelled
tried talking real loud shouting telephone get old still told wasnt great,0,amazon_cells_labelled
good work fine,1,amazon_cells_labelled
price great deal,1,amazon_cells_labelled
great price,1,amazon_cells_labelled
wind completely useless,0,amazon_cells_labelled
yes shiny front side love,1,amazon_cells_labelled
work,0,amazon_cells_labelled
first thought grtting good deal plugged phone v c razr,0,amazon_cells_labelled
reception headset excellent,1,amazon_cells_labelled
thumb seller,1,amazon_cells_labelled
verizon lg phone work well together good reception range exceeds foot line sight,1,amazon_cells_labelled
improper description return,0,amazon_cells_labelled
work comfortable,1,amazon_cells_labelled
battery chargelife quite long,1,amazon_cells_labelled
jabra eargels fit ear well,1,amazon_cells_labelled
battery life,0,amazon_cells_labelled
checked everywhere feature really disappointing,0,amazon_cells_labelled
product exactly described,1,amazon_cells_labelled
get signal verizon phone wont,1,amazon_cells_labelled
doesnt job,0,amazon_cells_labelled
would recommend,1,amazon_cells_labelled
plan ordering,1,amazon_cells_labelled
said phone camera nice many cool effect play video decent well,1,amazon_cells_labelled
satisfied cell phone day one,1,amazon_cells_labelled
keep getting better better third one ive numerous palm,1,amazon_cells_labelled
awkward use unreliable,0,amazon_cells_labelled
shipping time also quick,1,amazon_cells_labelled
good hoped,0,amazon_cells_labelled
good case,1,amazon_cells_labelled
doesnt work,0,amazon_cells_labelled
really good product,1,amazon_cells_labelled
unfortunately work,0,amazon_cells_labelled
three broke within two month use,0,amazon_cells_labelled
dont buy,0,amazon_cells_labelled
father v battery dying,0,amazon_cells_labelled
however ear pad come easily one week lost one,0,amazon_cells_labelled
call drop phone come screen go black worst stop ringing intermittently,0,amazon_cells_labelled
horrible horrible protector,0,amazon_cells_labelled
dont like nokia either,0,amazon_cells_labelled
reaching bottom row uncomfortable send end key expect,0,amazon_cells_labelled
bought nokia cell phone week ago nightmare,0,amazon_cells_labelled
would take long describe bad customer service experience amazon,0,amazon_cells_labelled
disappointing thing speakerphone,0,amazon_cells_labelled
terrible car accept cassette,0,amazon_cells_labelled
product useless since enough charging current charge cellphone planning use,0,amazon_cells_labelled
say,0,amazon_cells_labelled
stay away q,0,amazon_cells_labelled
used dirty,0,amazon_cells_labelled
unreliable service tmobile,0,amazon_cells_labelled
good enough price,0,amazon_cells_labelled
bought two neither charge,0,amazon_cells_labelled
look nice,1,amazon_cells_labelled
excellent tool especially paired phone autoanswer,1,amazon_cells_labelled
read others review havent problem,1,amazon_cells_labelled
product cover important light sensor ear outlet,0,amazon_cells_labelled
comfortable hand,1,amazon_cells_labelled
work,0,amazon_cells_labelled
poor reliability,0,amazon_cells_labelled
work,1,amazon_cells_labelled
take picture battery drop bar start beeping letting know dieing,0,amazon_cells_labelled
terrible product waste money,0,amazon_cells_labelled
last time buying,0,amazon_cells_labelled
waste money,0,amazon_cells_labelled
far worked like charm,1,amazon_cells_labelled
week far good,1,amazon_cells_labelled
case best part download picture laptop using ir even send picture laptop phone,1,amazon_cells_labelled
would recommend item,1,amazon_cells_labelled
choice headset yearsgreat sound good volume good noise cancellation,1,amazon_cells_labelled
nice case feel good hand,1,amazon_cells_labelled
item received counterfeit,0,amazon_cells_labelled
really good far probably best bt headset ever,1,amazon_cells_labelled
work fine,1,amazon_cells_labelled
received headset good time happy,1,amazon_cells_labelled
pleased see could replace well travled swivel holster blackberry flip,1,amazon_cells_labelled
sister one also love,1,amazon_cells_labelled
good quality,1,amazon_cells_labelled
far worst purchase ive made amazon,0,amazon_cells_labelled
excellent dualpurpose headset,1,amazon_cells_labelled
excellent,1,amazon_cells_labelled
work listening music cingular,0,amazon_cells_labelled
seems completely secure holding belt keeping iphone inside,1,amazon_cells_labelled
bottowm lineanother worthless cheap gimmick sprint,0,amazon_cells_labelled
trouble volume,0,amazon_cells_labelled
good thing fit comfortably small ear,1,amazon_cells_labelled
warning buy,0,amazon_cells_labelled
pairing iphone could happier far,1,amazon_cells_labelled
open battery connection broken device turned,0,amazon_cells_labelled
didnt want clip going top ear causing discomfort,0,amazon_cells_labelled
best headset ever,1,amazon_cells_labelled
dont trust website dont expect helpful support,0,amazon_cells_labelled
loudglad say plantronics maintains flawless connection cell static normal use,1,amazon_cells_labelled
speaker low quality making ring tone sound cheap,0,amazon_cells_labelled
fit comfortably came three size earbud tip,1,amazon_cells_labelled
excellent product price,1,amazon_cells_labelled
bad reception,0,amazon_cells_labelled
product high quality chinese crap,0,amazon_cells_labelled
quite comfortable ear,1,amazon_cells_labelled
great phone,1,amazon_cells_labelled
dont buy product fails,0,amazon_cells_labelled
everything product wrongfirst,0,amazon_cells_labelled
pairing two device easy barely took couple minute started making call voice dialing feature,1,amazon_cells_labelled
utterly confusing first caused lose couple important contact,0,amazon_cells_labelled
terrible phone holder,0,amazon_cells_labelled
cutout button placed perfectly,1,amazon_cells_labelled
love able use one headset landline cell,1,amazon_cells_labelled
problem ear loop made weak material break easily,0,amazon_cells_labelled
nearly good looking amazon picture make look,0,amazon_cells_labelled
despite flaw case exceptional quality well worth additional cost owning official oem product,1,amazon_cells_labelled
stupid,0,amazon_cells_labelled
hear im driving car usually dont even put loudest setting,1,amazon_cells_labelled
seller shipped quickly much cheaper competitor,1,amazon_cells_labelled
good show samsung,1,amazon_cells_labelled
bought saved alot money,1,amazon_cells_labelled
always cut make beep beep beep sound say signal failed,0,amazon_cells_labelled
couldnt figure,0,amazon_cells_labelled
phone sounded ok great ok wife phone almost totally unintelligible couldnt understand word said,0,amazon_cells_labelled
take battery phone put back together restart,0,amazon_cells_labelled
managed bend leaf spring back place metal enough stress break next drop,0,amazon_cells_labelled
leopard print wonderfully wild,1,amazon_cells_labelled
work,1,amazon_cells_labelled
saggy floppy piece junk,0,amazon_cells_labelled
much better hard plastic case,1,amazon_cells_labelled
also new problem,0,amazon_cells_labelled
happy far,1,amazon_cells_labelled
cool phone,1,amazon_cells_labelled
work good,1,amazon_cells_labelled
motorola finally got voice quality bluetooth headset right,1,amazon_cells_labelled
loos connection phone even within couple foot two,0,amazon_cells_labelled
great would really recommend,1,amazon_cells_labelled
make easier keep bluetooth im wearing,0,amazon_cells_labelled
said abovepretty useless,0,amazon_cells_labelled
never got,0,amazon_cells_labelled
pair headphone worst ever soundwise,0,amazon_cells_labelled
drain weak snap,0,amazon_cells_labelled
charge cingular att phone,0,amazon_cells_labelled
get extra minute carry call get cut,1,amazon_cells_labelled
however year fliptop started get loose wobbly eventually screen went black couldnt receive place call,0,amazon_cells_labelled
kept catching cable seat pull phone turn,0,amazon_cells_labelled
headset fulfills requirement happy purchase,1,amazon_cells_labelled
logitech bluetooth headset,1,amazon_cells_labelled
like fact rest lightly ear rather inside,1,amazon_cells_labelled
lot website rating good phone,1,amazon_cells_labelled
tried cable computer ipod work fine,1,amazon_cells_labelled
mic joke volume quite low,0,amazon_cells_labelled
im returning,0,amazon_cells_labelled
maintain connection computer lap,0,amazon_cells_labelled
easy turn car volume control quite accessable,1,amazon_cells_labelled
mine year christmas bought rest family,1,amazon_cells_labelled
otherwise easy install use clear sound,1,amazon_cells_labelled
nice leather,1,amazon_cells_labelled
purchase different case,0,amazon_cells_labelled
joy use,1,amazon_cells_labelled
much disappointed company,0,amazon_cells_labelled
satisifed,1,amazon_cells_labelled
didnt charge,0,amazon_cells_labelled
phone get bought say wow,1,amazon_cells_labelled
button small,0,amazon_cells_labelled
reading spec alone make say wow,1,amazon_cells_labelled
love great armband,1,amazon_cells_labelled
really like product motorola allot clearer ear piece mic,1,amazon_cells_labelled
however keypad tinny sometimes reach wrong button,0,amazon_cells_labelled
exchanged sony ericson z im pretty happy decision,1,amazon_cells_labelled
impressed price case,1,amazon_cells_labelled
also make easier hold,1,amazon_cells_labelled
use product motor control center lot high voltage humming equipment work great,1,amazon_cells_labelled
pretty easy,1,amazon_cells_labelled
cannot make call certain place,0,amazon_cells_labelled
however girl complain time phone doesnt wake like normal phone,0,amazon_cells_labelled
beautiful styling though,1,amazon_cells_labelled
company charge restocking fee still given refund back,0,amazon_cells_labelled
im trying return refund,0,amazon_cells_labelled
plugged find darn thing worked,0,amazon_cells_labelled
excellent product,1,amazon_cells_labelled
earbud piece break easily,0,amazon_cells_labelled
lousy product,0,amazon_cells_labelled
phone try hard everything fails ability phone,0,amazon_cells_labelled
best charger seen market yet,1,amazon_cells_labelled
sweetest phone,1,amazon_cells_labelled
oh charger seems work fine,1,amazon_cells_labelled
fit securely ear hook even need used sound better directed ear canal,1,amazon_cells_labelled
enough volume,0,amazon_cells_labelled
echo problemvery unsatisfactory,0,amazon_cells_labelled
could take video time quality poor,0,amazon_cells_labelled
dont waste money,0,amazon_cells_labelled
going first negatively review product,0,amazon_cells_labelled
adapter provide enough charging current,0,amazon_cells_labelled
much hype phone assumed best mistake,0,amazon_cells_labelled
also cannot take picture case lense covered,0,amazon_cells_labelled
phone fall easily,0,amazon_cells_labelled
didnt work people hear talk,0,amazon_cells_labelled
text messaging feature really tricky use,0,amazon_cells_labelled
im really disappointed charger doesnt work,0,amazon_cells_labelled
painful ear,0,amazon_cells_labelled
lasted one day blew,0,amazon_cells_labelled
disappointed,0,amazon_cells_labelled
kind flop around,0,amazon_cells_labelled
screen get smudged easily touch ear face,0,amazon_cells_labelled
piece junk lose call phone,0,amazon_cells_labelled
item match picture,0,amazon_cells_labelled
thing disappoint infra red port irda,0,amazon_cells_labelled
answer call unit never worked,0,amazon_cells_labelled
